height,weight,job
1.6872700594236814,68.31939786151342,artist
1.975357153204958,67.28851593503998,firefighter
1.8659969709057025,113.43782063647257,nurse
1.7993292420985183,67.46823398946543,receptionist
1.5780093202212182,69.03648082900418,photographer
1.5779972601681014,103.15787836925746,policeman
1.5290418060840998,81.4817889715378,consultant
1.9330880728874675,104.36973898686269,policeman
1.8005575058716043,54.575631029506965,veterinarian
1.8540362888980226,84.12998355713691,chef
1.5102922471479012,52.35295201282978,teacher
1.984954926080997,54.38572424187482,dentist
1.916221320400211,113.45062173410876,journalist
1.6061695553391382,59.74717597823166,mechanic
1.5909124836035504,87.2694477592652,electrician
1.5917022549267168,78.77669218204946,nurse
1.6521211214797689,74.31403283811899,journalist
1.762378215816119,112.98833419810907,teacher
1.7159725093210578,51.527637774284266,accountant
1.645614570099021,96.46527803229124,programmer
1.8059264473611898,117.43761039494854,farmer
1.569746930326021,89.21177284232894,photographer
1.646072324267609,115.57757234231643,dentist
1.6831809216468459,53.65805155002166,programmer
1.728034992108518,79.31553233519129,musician
1.892587980696507,68.21104536734359,accountant
1.5998368910791798,101.15746754865108,journalist
1.7571172192068059,118.69079633480726,consultant
1.7962072844310213,67.95710437109734,teacher
1.523225206359999,95.79222210318521,journalist
1.803772425950719,63.86683429318181,policeman
1.5852620618436457,89.5731178200127,policeman
1.5325257964926398,82.47527406818352,scientist
1.9744427686266666,118.0403730742076,teacher
1.9828160165372797,92.59690908875265,driver
1.9041986740582306,74.46544604607732,lawyer
1.6523068845866853,57.986704942155335,farmer
1.548836057003192,60.58727801144542,farmer
1.8421165132560784,65.77218509658645,chef
1.7200762468698008,67.56766629382086,chef
1.5610191174223895,109.54312404887965,policeman
1.747588455055635,89.28559517977675,scientist
1.5171942605576092,86.63736379620565,scientist
1.954660201039391,58.033821030845225,veterinarian
1.6293899908000085,110.20977853446044,policeman
1.831261142176991,100.59700122459387,driver
1.6558555380447055,54.736785333000114,teacher
1.7600340105889054,99.5484568060838,electrician
1.7733551396716398,88.04767521398523,electrician
1.5924272277627636,55.72077420227448,nurse
1.9847923138822794,82.08104490700595,policeman
1.8875664116805573,83.9287400991033,photographer
1.9697494707820946,61.6042178114293,accountant
1.9474136752138245,116.19887029001976,musician
1.7989499894055425,109.49827600364634,nurse
1.9609371175115584,96.83156361303759,journalist
1.5442462510259598,82.36068927004251,waiter
1.5979914312095727,78.82358791091559,teacher
1.522613644455269,95.5681427005668,consultant
1.6626651653816322,88.18023085848338,actor
1.694338644844741,54.359117411731994,dentist
1.635674515886948,85.87518541392322,programmer
1.9143687545759647,106.44825320629877,artist
1.6783766633467947,82.14679143178707,driver
1.6404672548436903,53.63696042879879,artist
1.7713480415791243,105.03947395688232,lawyer
1.5704621124873812,64.09546474951821,teacher
1.9010984903770198,68.10345844216272,farmer
1.5372753218398854,61.529444740260715,artist
1.9934434683002586,73.11505454100482,accountant
1.8861223846483286,102.97260539820445,engineer
1.599357840767086,86.35701016527561,veterinarian
1.5027610585618012,64.34168919054989,firefighter
1.9077307142274171,111.44810547064286,consultant
1.8534286719238087,111.57072984660704,farmer
1.8645035840204938,110.94048975322048,firefighter
1.8856351733429728,66.71573479670775,dentist
1.5370223258670452,81.58675409266917,receptionist
1.6792328642721364,118.94927592986126,policeman
1.5579345297625649,104.04087334169932,artist
1.9315517129377968,51.90171948578919,dentist
1.811649063413779,54.56432138823445,dentist
1.6654490124263246,82.4751963768633,librarian
1.5317791751430119,113.64541441030921,pharmacist
1.655491160857831,87.70912585669,plumber
1.6625916610133735,84.84687556240031,mechanic
1.864803089169032,57.38315899696414,mechanic
1.8187787356776066,95.9746073307006,architect
1.9436063712881633,107.54722124201578,lawyer
1.7361074625809747,76.62940052552936,firefighter
1.559797122969151,104.29282956477292,musician
1.8566223936114974,117.51336577305682,pharmacist
1.8803925243084487,64.26365213893824,doctor
1.7806385987847482,86.63307418363189,musician
1.8854835899772806,70.09965706592028,photographer
1.7468977981821954,105.49980933236876,firefighter
1.761366414690997,90.43153561168103,teacher
1.7137705091792748,94.42076922852127,lawyer
1.5127095633720475,105.85399117311258,waiter
1.5539457134966521,77.71793308637184,scientist
1.515714592843367,114.05630478849302,electrician
1.8182052056318903,87.3120207072298,actor
1.6571779905381634,61.05683759847436,plumber
1.7542853455823515,98.71293827181617,doctor
1.9537832369630466,105.52829453067781,musician
1.6246461145744375,72.17331739472687,librarian
1.7051914615178148,110.0025479899127,doctor
1.8777755692715243,113.43002783360365,scientist
1.6143990827458112,69.38331411644663,librarian
1.5384899549143964,118.84650309006554,firefighter
1.644875726456884,59.84980696341309,artist
1.5806106436270022,64.1410967881743,lawyer
1.9648488261712864,62.89573874666183,dentist
1.9040601897822085,112.57927970055093,artist
1.8167018782552118,95.80047866274734,pharmacist
1.9357302950938589,60.6472998255591,teacher
1.9018360384495572,80.82263928578443,actor
1.5932850294430179,93.07086175488614,farmer
1.946279499244989,55.84248594925683,waiter
1.7696711209578253,111.76914578851371,musician
1.9037200775820313,106.25224748090747,pilot
1.9480456499617467,85.36447415036469,electrician
1.6590017374859318,117.69886306814193,musician
1.5550259622638385,79.24326854925698,musician
1.6139675812709708,118.88772233255484,programmer
1.713553894313128,96.7543999162539,engineer
1.9090073829612466,94.4269891277759,actor
1.9303652916281717,61.61684267070495,engineer
1.5034760652655954,111.73494308132507,artist
1.755373651288783,79.92427815444306,receptionist
1.7087055015743895,61.35633840477355,plumber
1.6110539052353652,50.882526398303135,journalist
1.5599326836668415,89.18289785468679,dentist
1.6688075857018139,86.91797354858734,plumber
1.9714548519562596,100.3547535658411,mechanic
1.6616014660103775,112.31806371124614,dentist
1.759395310871683,55.558460925012064,librarian
1.8515094794475888,101.20475432382537,journalist
1.681814801189647,63.118836086830754,accountant
1.9858910413604804,110.07239372100148,policeman
1.9812236474710556,107.33444597031593,chef
1.625891147912682,87.85556284898811,librarian
1.7486242529461928,99.71699590363181,veterinarian
1.6504391549083848,72.00450792286239,consultant
1.642420247188734,82.98175292529703,artist
1.5184434736772663,107.51458283973301,librarian
1.8047821669899484,82.14856380212498,artist
1.7513395116144308,75.04587857278092,pilot
1.5257393756249946,84.59487130752099,doctor
1.6393232321183058,107.97744767060529,programmer
1.954132942983327,73.46456331596109,pharmacist
1.6197809453334862,62.16331151950207,driver
1.5724474360456115,99.84098142315466,journalist
1.7447263801387816,107.81847488956572,artist
1.9928252270553004,57.04462349664733,scientist
1.6210276357557503,66.79118789291613,nurse
1.8360677737029394,59.938039283269575,journalist
1.8808098076643587,74.35589881075167,mechanic
1.6188187719962,81.52456852337889,programmer
1.8641081743059298,102.41784358743146,journalist
1.6838915663596266,95.5803309417172,veterinarian
1.8161529152967897,93.46499972349018,policeman
1.8167648553804474,74.66624626267581,electrician
1.7678873420373793,108.9013287159332,musician
1.545144885027204,82.99010171787151,receptionist
1.917651247794619,118.53734566106081,driver
1.6603900324858678,94.38994968070158,mechanic
1.5932592551999272,58.83853190951519,dentist
1.520387570777382,97.33242934528039,waiter
1.795446471594121,72.75728108021893,veterinarian
1.8387821809211413,98.04290376802682,dentist
1.508293914463928,54.874880371368405,actor
1.7560465291496405,62.24170060231716,pilot
1.6132478875989689,109.90160812340504,driver
1.822586395204725,65.90256899164604,actor
1.5871832145024958,108.5928787670058,waiter
1.845468869051233,69.54932619180873,driver
1.6933676731502687,95.00173370410954,artist
1.9683649943683672,98.59054014568818,veterinarian
1.5687604720729966,85.8858327201537,dentist
1.6705331755251294,71.3717473687712,mechanic
1.5567367606202946,64.88510634597672,policeman
1.9623468091392815,52.323254819369836,lawyer
1.9386696766904905,71.27624808685067,librarian
1.6289708138575778,95.72139533718982,dentist
1.8299920230170894,115.68133729139379,doctor
1.9086111001006079,110.98431375841363,farmer
1.7776004057997312,103.62453435747119,librarian
1.7648252891780032,105.19131402773091,teacher
1.620926145450226,96.54894324331967,pharmacist
1.5465513839029497,68.2200800296202,journalist
1.9486078789766634,113.50365214940808,receptionist
1.9502090285816651,96.95126183340838,dentist
1.816550728636634,89.2308441686308,veterinarian
1.6695148955243504,57.769262844943675,architect
1.6746047873063303,81.29388806644978,dentist
1.8629778394351197,82.22507898413484,consultant
1.9485551299762887,110.5194526665869,scientist
1.9435432121325587,88.2653754131452,actor
1.8899377729288118,76.62803842792867,nurse
1.8210158230771438,118.37602299574615,librarian
1.5420699824975244,57.750441532842096,policeman
1.580814357047307,79.57838998183612,consultant
1.9492770942635396,52.94172726199837,lawyer
1.803214529829795,101.79328845368512,pharmacist
1.5045985258083148,114.26535865394054,firefighter
1.550735771433016,69.60261306853425,artist
1.8317508845540278,110.08391737593846,architect
1.5025307919231095,70.45527613233284,architect
1.5804040257087493,113.75391131507406,nurse
1.7743668946832931,102.77733325177488,electrician
1.8459475988463465,106.34347437890071,pharmacist
1.8259806297513004,51.260458892031814,architect
1.61213465473028,117.39672499518181,dentist
1.8560896106737679,100.86696944492263,waiter
1.6186245437484001,71.33257667702934,actor
1.6626998490796339,108.05762654011929,journalist
1.8732457025590121,69.7064838890451,pharmacist
1.8248164495236074,111.09276876962895,chef
1.924611705247089,57.880627328835594,teacher
1.8288064461501716,99.2580184222557,programmer
1.7841543016677357,87.84889336514372,teacher
1.5468373839140463,56.75741291368086,journalist
1.6838579015297168,66.93256797811873,architect
1.6326011838408627,50.868282539412036,mechanic
1.6219948216895417,82.81375758251541,consultant
1.9865052773762228,71.08856825320002,teacher
1.6965488623333802,91.88502390084312,pharmacist
1.9460232775885566,70.80664653960321,veterinarian
1.8155693129986314,70.99433780548893,doctor
1.8974056517708242,102.02352391121224,programmer
1.751318546552596,53.36999851848474,teacher
1.7884519423131795,113.2026496634391,policeman
1.746258846909432,109.6584712073827,electrician
1.5976214938990223,96.74632782584845,chef
1.8612260576307527,91.52550990751689,engineer
1.640386181220428,112.46117486977565,photographer
1.5121579832157268,62.97311256701001,programmer
1.822736147953584,55.527841353358,receptionist
1.5885553397035244,66.76571189366767,mechanic
1.970229292176457,105.62047950901332,receptionist
1.9769642885012937,52.42691867085383,nurse
1.9574321951102243,90.79647845584427,teacher
1.6850793501277221,119.6806261333917,firefighter
1.5077283082644337,109.89872656862775,pilot
1.9641592812938626,86.50119823305127,farmer
1.7140920741586572,54.454863650064965,architect
1.9833274095218347,108.1961460069997,lawyer
1.9818099885446263,91.92849557240473,architect
1.92650472773368,58.04530979416968,chef
1.647224446034793,56.570009937634936,actor
1.6925488643009627,113.67387736056148,mechanic
1.9255683357584283,96.8440184056655,plumber
1.6584610025781388,108.05007595217289,programmer
1.5847463733430462,111.52852301975872,photographer
1.7784006312291751,90.02406464338256,architect
1.9680773870803905,86.22124462285288,consultant
1.8480148983374864,80.12991872246931,lawyer
1.7850305850446824,72.18626114537835,architect
1.5485882468853842,80.42171726010983,scientist
1.807503613349585,104.17157590111094,actor
1.9950269250521315,92.1346401710592,plumber
1.570042007618262,112.47663029683923,driver
1.7591648261818684,81.03660100654314,journalist
1.9386865359639778,92.49627051031278,scientist
1.8703843088771022,94.19152871643921,actor
1.848507870497634,91.41880136144279,dentist
1.8512420419935547,99.18436411598614,nurse
1.6797455756098776,66.62034278623644,programmer
1.6467959221322466,85.86546442820534,receptionist
1.9046805777392568,57.295736196584336,policeman
1.9050566973395904,76.91579293513688,photographer
1.933536159290052,84.13669480348851,pilot
1.9566202762782356,95.65569816818308,receptionist
1.755671199430469,116.53717368103425,architect
1.7507581473435998,92.04557465838491,scientist
1.8991475894833876,102.05157413235918,musician
1.8249819653888826,85.43862416466419,doctor
1.8509834386288517,94.3872821963432,firefighter
1.8978963347180504,54.96525512936414,engineer
1.945002670908783,67.80741065892929,plumber
1.6689975784257678,75.32971652435971,librarian
1.687791476319972,83.07453485045595,farmer
1.5469909699204345,53.19541218516686,architect
1.789140070498087,59.80168682873224,journalist
1.517971136898371,69.37700154539141,accountant
1.73279900906623,118.00728836307354,photographer
1.7713223173537882,73.19429049721356,pilot
1.643270626064142,83.74287406784578,programmer
1.7954166302845054,63.726839891687504,receptionist
1.5152501249695247,92.75460497530378,policeman
1.518674094374607,69.6478250861182,engineer
1.9113002803298291,64.48948049068987,nurse
1.6800953207056315,86.16008399121853,driver
1.5635302563259423,50.38540594122946,consultant
1.7611216300274022,50.53648228544577,chef
1.8849967765493054,65.33481663713005,veterinarian
1.6079105137484215,52.57049537505748,journalist
1.8114452379095,57.561802789148395,dentist
1.542673732496884,73.72024545371261,programmer
1.525840860584304,106.1809975705869,nurse
1.765677315784074,90.04340503585107,librarian
1.7703175608050532,85.88674081694916,receptionist
1.8187149507491034,70.54421762456852,veterinarian
1.8630456668613307,115.22276036029714,pilot
1.9879260397312672,77.79105288660341,photographer
1.7581501741505976,56.096493675704004,doctor
1.6614782364706229,93.1946561282461,policeman
1.8975930973843518,57.9686875433621,actor
1.635416125631037,74.16561999611844,photographer
1.719485710352818,85.51883571024662,musician
1.539228190671133,111.1955767279623,lawyer
1.5126753717077288,84.5482606238083,scientist
1.9813242073389625,99.15811362221649,journalist
1.9179900602561029,119.49717872993493,pharmacist
1.847987103046849,59.20423839285871,musician
1.7044764722071348,69.23120678636636,consultant
1.5866471600354228,77.62032529183524,journalist
1.578218521335543,79.5279724977182,waiter
1.6251214490822976,78.7714752685882,mechanic
1.7746133323530602,113.53277017895884,engineer
1.8572979613500311,99.98228511267996,policeman
1.8300986883588657,92.55336498634927,architect
1.6399669484729715,71.65609025039475,engineer
1.977432640331597,107.66532689549064,doctor
1.8689484583478841,116.85423580394922,waiter
1.7771770262557003,107.48387977851586,firefighter
1.805860373117176,50.109557363403106,scientist
1.709800031213895,94.54809591283849,doctor
1.6238654947505786,53.57947670094705,plumber
1.677986339325631,68.03250542336053,dentist
1.8789230552321845,54.16672902434402,consultant
1.507196744314878,92.26568170645714,policeman
1.5580363202534582,98.06129394448247,chef
1.5230013210108764,58.01413466461336,pilot
1.520364401159485,76.86872181314857,consultant
1.9277302920055037,81.93655562688794,mechanic
1.851828929690012,75.83371152326416,farmer
1.7370869145436627,58.47175003396352,doctor
1.5489170803255008,79.32634531312328,engineer
1.7458079375584161,102.58246334658926,librarian
1.7367358853902828,54.970536517327886,engineer
1.5866009349550076,55.61260098573324,nurse
1.7169258246189865,74.83399042851889,receptionist
1.6992523671986868,115.92079981332475,actor
1.8079250490261083,96.80008527060399,actor
1.8175468254338218,97.50689696707954,policeman
1.5226520048860221,75.33439935865054,programmer
1.6873063073132357,91.55625538459769,policeman
1.812929957857118,50.709182881942034,driver
1.7515681292900438,94.52672324866796,lawyer
1.9282449205941612,113.93008633033656,teacher
1.8293468158094726,92.88014278413735,farmer
1.5814672135407148,111.15890154264414,journalist
1.5352843737002149,100.67811388262658,farmer
1.8212096391031578,58.43908914825832,chef
1.513255655270811,113.17173151000893,receptionist
1.7928877906367315,54.65106910490424,programmer
1.9701151207124787,87.37772307834346,musician
1.7877370889379396,59.94959866554204,programmer
1.6940849631032608,50.819462751163286,programmer
1.8216441092211766,79.54239820893473,librarian
1.7291264452457584,70.65284953579093,veterinarian
1.7728083946579676,84.02003456583222,journalist
1.9707324043882626,90.40399207141856,librarian
1.693051318900387,53.061735061626315,policeman
1.980595281911957,58.610230658662196,scientist
1.9526753209780319,89.10496775152978,firefighter
1.5978955673946482,74.02171472208607,programmer
1.5346806504375827,101.04214412846136,journalist
1.5503890006887133,95.66041540143578,musician
1.509110912825775,109.19230540929348,farmer
1.5472214803779643,98.47449786684578,pilot
1.8415033867081785,80.09517541731037,policeman
1.5355943242301144,97.10766356761027,pilot
1.6594878151468806,69.2766821978793,artist
1.9224376554847273,71.44194491447489,waiter
1.511635967867913,105.22896119445554,mechanic
1.9072342412944678,81.24936614811075,farmer
1.6409273873867,105.88662383628468,waiter
1.5590824138108281,107.56956615677949,photographer
1.8483685826820753,110.02936363628987,musician
1.814471423389942,114.16446650888452,programmer
1.9387360067635264,80.16896543593074,librarian
1.867535521901943,72.32067728247972,driver
1.9017404651924243,90.75391226158797,policeman
1.6410172862856531,75.98206964063394,pharmacist
1.5887197718898614,92.07519167601632,farmer
1.8753073758204293,99.39101038506772,mechanic
1.903417369633632,98.18835129444957,lawyer
1.9952525710003366,76.21870209140849,farmer
1.7063088384557132,61.6802141189127,actor
1.6860090428963916,80.13705369235453,scientist
1.8882064803709984,59.981590085733615,photographer
1.6704017701265088,112.30679246286658,architect
1.9653786628017824,74.21142225165002,musician
1.929206375921506,60.81218230563266,waiter
1.714497013687509,51.78134319340256,artist
1.8754355338957487,95.2075670400539,receptionist
1.8772714370423411,94.58316222183203,musician
1.5515619344179663,73.84229166069042,chef
1.9512764533397833,55.01983221933557,dentist
1.7526261862239285,78.67402264266624,musician
1.9132287330538709,71.78522465443754,farmer
1.660024800515306,97.39844478145065,chef
1.9477616142481002,92.40454746168832,architect
1.6946008393670815,75.5215609738278,policeman
1.5054188257401493,65.2524787978493,chef
1.952690988209632,119.16251763089143,plumber
1.5456433383930668,81.78011348372804,artist
1.6596568187952074,98.17919650461658,librarian
1.9750309835254025,59.838707730485254,doctor
1.975303573468778,83.99127897615784,engineer
1.786718944061643,51.927570390862584,pilot
1.8159186060848995,85.3818582537315,pilot
1.7242227609891598,117.48121849823916,receptionist
1.6466053858490324,76.89446990900602,policeman
1.664332272684958,52.72972088024381,journalist
1.8362592280385193,52.16690536435405,scientist
1.87618726471884,77.15907319628087,pharmacist
1.8957895218629242,61.20174555242358,lawyer
1.894809071397277,51.63464674297301,musician
1.545603051524345,102.93495297651238,lawyer
1.7472101523512906,82.09661062173234,consultant
1.5287793800083223,70.24713403808582,teacher
1.7747644411618677,113.00582281115365,veterinarian
1.7207652506866884,58.12972721403679,actor
1.94385209137915,116.91431802687235,waiter
1.6754575062760393,71.9776702164147,chef
1.558533508213803,112.18825706160769,architect
1.571495841026418,92.2060013535623,actor
1.8807553158587362,107.86951518190412,musician
1.8091090316581306,118.8809214247325,farmer
1.5505613380613952,70.1883806473122,firefighter
1.5420534030574986,117.2794839785315,nurse
1.8504845657295599,77.26373264316942,architect
1.5363815031820969,76.98583333158456,firefighter
1.910930029645178,73.8270972978154,pharmacist
1.8531211135782482,87.89853251433097,mechanic
1.5406743903209499,60.790153022494096,veterinarian
1.542418857042596,88.75980397506078,programmer
1.9933197892505876,87.91933686870027,veterinarian
1.68713539787806,103.3331268823409,consultant
1.6853210735334454,108.35549733563099,journalist
1.9063997836287512,80.83089452186968,journalist
1.9736242886919293,71.16332745460457,veterinarian
1.9930005319114354,68.15344281219662,policeman
1.8766890926294708,63.623668569341035,journalist
1.688129792765458,54.035330753931746,teacher
1.5417503583493344,73.97135851842994,musician
1.8885734579637183,68.91733844915483,plumber
1.7792021248679024,117.64921701064851,lawyer
1.7121110046234882,89.03961783750307,architect
1.953177192547368,74.30939273213554,waiter
1.5555987411530756,90.63273206955873,musician
1.7463125521454295,59.74376909419868,librarian
1.5056768223837096,81.08306244415421,journalist
1.734330320997063,93.83640249947447,driver
1.5281516378409186,84.2228482254716,photographer
1.559408958134036,78.1245160458027,programmer
1.5587631233885524,119.56938722297888,photographer
1.824605151058032,111.62203335042489,electrician
1.8730224396327118,93.6384170711608,librarian
1.7916843825485798,89.8564152827598,musician
1.981086274237271,93.44623358772088,scientist
1.687435289761852,64.09184754757032,veterinarian
1.6428560431409305,77.6596420285023,waiter
1.9342995640947303,52.762167302362954,veterinarian
1.6117979192597263,83.28822262407786,journalist
1.9816112697203057,88.01172087703642,consultant
1.506077237344908,65.94248152722467,farmer
1.9849394133538194,117.48201930158596,doctor
1.521579955975288,113.66182276560694,teacher
1.9455715568490355,100.55002648191342,architect
1.76385055454315,87.33706401357537,architect
1.9964823980596502,110.89784117533794,engineer
1.5368982823676993,59.1456640676424,accountant
1.7769271422006603,105.33568559924194,librarian
1.9846512678095496,58.73745697767938,plumber
1.7615489220850744,105.59474637845838,engineer
1.8146993190676313,69.30372977759498,mechanic
1.8478743444923085,111.39634067127322,architect
1.7272705323838866,116.08294656777785,accountant
1.8137790400420317,60.41571785835809,policeman
1.7921571559615501,82.38729235457754,consultant
1.9505790052454945,118.66911647138795,programmer
1.522723190170729,83.83852051812026,scientist
1.640481594796115,110.44832657601816,architect
1.9752057420382794,91.21120654919238,pharmacist
1.945131891945458,76.27309355437214,veterinarian
1.7278283763928566,70.00484888681092,farmer
1.8100662989007683,64.22561637602611,chef
1.6386905914905663,103.32587339643881,artist
1.5940605798618805,77.05783547761195,receptionist
1.731849202469991,85.78928235405257,scientist
1.6766761140130264,84.46278360008273,firefighter
1.791828055925436,90.40953204631919,journalist
1.5388673184824924,110.59040019371866,policeman
1.9871974038330833,118.65175405084005,waiter
1.9931053722398016,78.53089460016719,chef
1.8490808570098727,107.92632454744121,photographer
1.7680481831720603,103.51694562583023,veterinarian
1.654763808143164,90.14702660189013,artist
1.9068975098534744,116.92330005283532,lawyer
1.8423655862769397,64.03321608698819,journalist
1.5813084696724458,57.6484947216735,plumber
1.9554635922469212,109.77733768687955,electrician
1.9112686214615846,80.74048716436238,plumber
1.974899956645962,109.28781979449423,driver
1.86285975419418,112.51631436367904,artist
1.806707597967895,54.372031553335,artist
1.7091215181453094,111.84253340902424,veterinarian
1.9663642416770066,81.38233387585956,lawyer
1.9330319447502042,85.73027423029626,mechanic
1.5226093350530947,93.86147577652471,consultant
1.513183487248626,114.84678247110607,electrician
1.6882316834390247,51.338126610083485,chef
1.9052766653909163,83.3790427822472,receptionist
1.9936380646574723,98.14054297013925,policeman
1.575208445551764,100.589487038876,doctor
1.7970653576760676,98.47727020759756,doctor
1.6904454283155108,59.410459058568534,actor
1.9849571989073016,70.95769118601768,firefighter
1.9210594615678542,75.11008677919094,librarian
1.919164352355569,106.31060453756535,dentist
1.734346579897485,69.51319106901872,teacher
1.7074097511688326,64.74934747070422,plumber
1.6367035359653532,117.02136133266673,teacher
1.5281877483254636,50.620429957942825,musician
1.9323611881275267,119.84745989773847,journalist
1.9064505045650388,97.37749092001769,waiter
1.9998588366430652,107.9928509614382,teacher
1.9983184185369527,70.62335774423352,doctor
1.7777158528013137,51.0020694366942,lawyer
1.8844937075902553,101.6508662993071,accountant
1.972382864941214,108.3901217900473,electrician
1.9248236953387057,101.83332923674634,driver
1.6236740508715988,59.9995201110587,consultant
1.7252720676550468,102.73995455798783,engineer
1.5645797075757475,103.82459474753486,pilot
1.977025513629361,96.09783609690385,consultant
1.80308731722544,103.62811529569103,pharmacist
1.6143214027517314,109.21450077744126,farmer
1.8358503422029284,92.95228799662209,teacher
1.809064120228948,56.20232997787753,electrician
1.6790813590164202,84.13394667670477,policeman
1.5567787960998145,55.435453427012355,receptionist
1.8357865977963999,78.52801217227017,musician
1.7601538504518968,78.49745423879394,receptionist
1.8861591958678197,54.62068908981691,architect
1.7600817505559967,74.41743737786355,veterinarian
1.9260907501592701,57.769866915392036,electrician
1.7759534193872428,106.57646470064554,librarian
1.7804689857676932,116.33816181751295,librarian
1.9383268013291726,55.0621532680557,consultant
1.7017414331061986,116.8580645104191,mechanic
1.5670076142253204,86.58036195357215,engineer
1.5143913381566696,70.96959745677117,scientist
1.8775686278368096,55.38034526933144,receptionist
1.8101547756767324,85.04369876492925,receptionist
1.8520398840496117,105.61608811435241,teacher
1.6064820807544553,99.49605340866887,nurse
1.5681857377933848,53.51582080247816,plumber
1.507272332833941,55.103128475753245,lawyer
1.6752937794032985,78.2011297842846,mechanic
1.7949588434273165,70.67033458335604,architect
1.696122022549866,66.26690261392335,waiter
1.7187374610118646,69.67031492360995,mechanic
1.9520793472468743,106.24379203078192,lawyer
1.6741277335116502,115.04596375422977,driver
1.7569947445799055,78.35718861692965,teacher
1.8918265063705715,113.42777014927479,accountant
1.698271391160635,72.50469908735174,accountant
1.8110433501139367,83.35058904406542,journalist
1.9311818543733725,65.82202984711998,musician
1.974760311828821,94.83332295230908,dentist
1.5735367404645189,118.52867806223662,actor
1.9632938125807473,92.2445167230365,actor
1.746058146539769,75.04698588794842,accountant
1.6291221941494791,95.34722121933699,teacher
1.7295678781191306,58.60444749257713,electrician
1.9900162876427385,112.2061356185779,waiter
1.7463090469964349,85.21587655458855,firefighter
1.664375805143754,81.45448194277495,lawyer
1.8167004271583629,91.01053519174634,consultant
1.6200728093890966,93.73487039525817,doctor
1.537931664054332,55.02430643585591,waiter
1.5644398609553245,97.78320548563818,waiter
1.5640229194788862,66.93521762208707,photographer
1.5759513467561472,99.97668427546128,waiter
1.5694135863247052,107.57743560689377,programmer
1.8204373724016074,106.27709552867643,chef
1.5909400421995725,88.67506771855224,chef
1.6728336416619316,86.41189246175259,actor
1.9483942049530059,60.00131729375882,pilot
1.736980820131436,104.27423052821949,pharmacist
1.8337788692605135,68.99865663127001,journalist
1.586159935600815,84.76867959725627,farmer
1.5961445094043354,69.89918650492618,nurse
1.5204343081332394,59.367985409978516,electrician
1.5844675315360823,94.06903878242156,accountant
1.6392951695159792,53.80324243760327,nurse
1.5885052421383734,102.405166388834,accountant
1.5443512668785278,72.23107566827817,veterinarian
1.5603179355503003,50.009428510313974,artist
1.7303893840163629,85.77903974660609,doctor
1.6031668592028963,53.27963359693222,artist
1.6821349305240378,69.33186904746296,nurse
1.7517086354274285,99.48835412190013,actor
1.8451974143146828,54.38827351353061,journalist
1.5196560699205495,108.75369446492016,accountant
1.8997051994545213,50.26739458610082,receptionist
1.813950194745454,67.27767084413316,lawyer
1.540879515974436,101.863283930645,driver
1.9367893120533886,72.13891048105148,journalist
1.9604362002659066,57.13246716462095,firefighter
1.5305389799274318,75.21637431602996,actor
1.6384388240736019,68.92753004691679,photographer
1.9031006398965307,108.98983315123884,consultant
1.8741298451918291,71.93435423096003,doctor
1.5922605096781886,105.2252730243205,musician
1.6046746616683552,112.43105013675142,accountant
1.685236051395691,80.36721937035706,firefighter
1.7422614925955107,113.69602006980745,scientist
1.809127385765148,76.4122637774235,dentist
1.6844568197848862,117.48548915430757,policeman
1.731267358066574,56.25026671679011,lawyer
1.8737354690668782,98.091348655227,firefighter
1.5183416014452988,84.566982831985,actor
1.6262184721720103,77.1354163818953,journalist
1.8566747929422762,94.28983151240206,electrician
1.9476034188435998,99.26999641440318,engineer
1.755838721057833,50.305428875521635,lawyer
1.7660567426326579,61.68671621230391,musician
1.553586005669888,99.91322354440231,electrician
1.7237061834117273,96.64697895047445,actor
1.7663086332275115,117.62332535900741,chef
1.6212352518173647,103.2726453175548,nurse
1.6346216154746904,116.55408954119366,waiter
1.6886420815523113,99.1778351074365,doctor
1.5100355988888632,70.86365460476102,actor
1.6610395827915891,57.375544557559955,receptionist
1.6057240034982723,104.7276704341455,waiter
1.6637486760889573,95.09044550331411,musician
1.5598810659096256,53.373020867530734,teacher
1.9452636403699475,75.20353261306849,receptionist
1.7967962267770243,116.97598708390004,electrician
1.839551159572245,85.02808019971408,teacher
1.8945856193036692,80.29103952137933,plumber
1.7492210994645285,82.03897236115057,dentist
1.543460144043712,64.62179068036146,consultant
1.768553270909274,75.80950196053567,pharmacist
1.7934205590104395,75.88692791910236,journalist
1.872719737092165,53.66485141312307,dentist
1.7158297731148398,103.72973399625428,actor
1.5637901513977819,79.15531023327154,chef
1.6418879528993622,107.55259207714963,artist
1.6815411481993174,109.52436007839268,veterinarian
1.8229586206658006,64.83958382890606,photographer
1.785389152334456,96.01474375190901,veterinarian
1.6780483629489231,83.05972629140872,firefighter
1.99325762439649,111.61097165450396,photographer
1.8028874096784435,65.10184754235179,receptionist
1.6186133958679974,97.4469240217031,mechanic
1.5508912363102019,92.54264855769058,architect
1.576429569592166,70.6711034300283,lawyer
1.622978864192254,59.56206325558208,librarian
1.5803406866297778,95.61478323340936,librarian
1.593283512025653,101.70182206926314,farmer
1.6425475843469235,72.0939140634345,photographer
1.5866867976473773,95.13828228156197,plumber
1.9483827123132125,77.65916353280522,driver
1.5401168728308212,99.92448182978325,waiter
1.7622556947851273,63.94506924258371,programmer
1.7051984134948308,112.3150501845322,journalist
1.9911893084543033,70.11867175259059,nurse
1.5560194510840262,75.7450191429307,photographer
1.6989277995228709,54.066436645624485,nurse
1.9847352166376844,57.80585486248935,artist
1.93275356294699,86.11033318986297,firefighter
1.90853603547464,68.731487370958,receptionist
1.6289514135224699,108.4836158019536,artist
1.585443793695033,51.02853720584677,receptionist
1.8343216099622155,76.53658340703554,lawyer
1.964687994563793,73.61418827383649,waiter
1.778381446506965,51.352934164232074,scientist
1.78580634473495,58.70578793003571,lawyer
1.639989546830142,78.95498724430448,consultant
1.8847464665959683,84.50052091132127,receptionist
1.5935218742787618,78.30028230784083,scientist
1.6618396182021218,87.16563748884657,engineer
1.7127182193082084,91.6592172433977,farmer
1.7538051893422275,50.694667478948496,artist
1.62120486620754,82.48666116174527,librarian
1.5574184123696018,117.44494686213118,consultant
1.8053100212208162,86.33225960906842,scientist
1.6443152766201279,97.42795872212673,engineer
1.790619110711306,71.83047005418183,chef
1.5771813576371012,104.17939647069338,actor
1.7405700509274087,104.10450373132807,scientist
1.766294716275793,86.49072333578972,chef
1.5259117684112136,118.32096762954495,programmer
1.6683021390969603,58.788515033385735,consultant
1.5672073384694871,51.186336542270666,farmer
1.5316874852363838,103.91107482299671,engineer
1.9949801161949727,106.50088761554179,pilot
1.6611769224873614,58.41450603844034,pilot
1.9049372229273174,68.59079830710243,photographer
1.627320327381882,51.22866543566403,waiter
1.8407513611119646,70.53160275463952,policeman
1.8801139299448433,104.119931174307,scientist
1.7978193703039222,86.25723693988053,teacher
1.7357880942750792,74.36669152178017,farmer
1.7059204570736344,76.02175064344311,firefighter
1.6744341332714976,50.09475380008277,engineer
1.9647645721239129,70.98603692956651,programmer
1.9153097038938647,95.25211191465513,pilot
1.9825134553332564,118.193611067145,photographer
1.5621486117427723,109.29425788887296,mechanic
1.8654337376018222,51.65164752518704,programmer
1.969170228410519,112.89924232723875,engineer
1.5906165330828301,104.82388893090382,mechanic
1.5332481336833887,104.62632864996863,driver
1.8705603246450295,82.05970313025,librarian
1.787236556589956,77.8603705068152,architect
1.920914388379136,71.20410101832348,programmer
1.5698861883131447,54.598640126805606,firefighter
1.8976336559299452,65.97647544455894,veterinarian
1.6008136600238723,67.26225444846173,lawyer
1.5818279714328523,83.88539487971411,scientist
1.5821328989654964,102.32110846176857,lawyer
1.907287360115691,83.16668798785626,chef
1.8325986103481,54.049111461301244,dentist
1.7615327123845597,117.04528606917427,driver
1.6794152420617512,115.99070233658786,journalist
1.9386002704065541,104.9632680203886,pharmacist
1.6962225537113178,119.39295310949544,plumber
1.9082997197357885,88.1137632960184,nurse
1.7195674542851092,117.39378451772443,actor
1.6884722147124538,55.29235284317255,doctor
1.7313398928348032,75.59765237829599,artist
1.650688937082071,65.7766887604736,musician
1.8738046900881256,63.708315889398904,mechanic
1.7513601950462396,59.856206422487325,architect
1.6161063475734085,93.56895490961976,pilot
1.9497872866372843,104.69252990231135,pharmacist
1.6919456106866058,90.48088795942525,plumber
1.7717764305569943,60.28738967117468,veterinarian
1.9532360554822734,106.77866389534296,electrician
1.812118997956996,94.51682950146099,actor
1.558449020354182,77.17159942888969,veterinarian
1.9699160618067375,97.18912068752441,plumber
1.8138540265357088,68.1933485469983,librarian
1.667452807328543,74.16345459459474,waiter
1.5696360363316937,114.22400901923932,architect
1.897012594635148,70.33531539699942,mechanic
1.8100363779642568,82.89917877105556,architect
1.7667305459881608,112.30987961772102,driver
1.946946291525479,99.54049451872692,teacher
1.8942986056122653,54.35422583152919,veterinarian
1.5758374398663757,60.311213099527926,photographer
1.6558610338977742,50.548911354034175,musician
1.624244569907233,94.16452531604143,chef
1.8719731462863385,81.33713977872928,scientist
1.5167662173678897,59.399239563159284,nurse
1.7849448424356582,117.05538847397393,musician
1.8812293428703453,87.07618067619339,veterinarian
1.9383828183808747,66.93253058790225,electrician
1.6710408743579537,85.04224998082952,accountant
1.9106286523360065,97.57342329145754,programmer
1.5553158684776036,55.33674525814951,musician
1.923226145867259,69.22926705335243,architect
1.5637443311659913,106.48758436187956,librarian
1.6986436452801836,82.17654092818628,electrician
1.8986476828897767,88.26039994226065,receptionist
1.5749587136743868,80.29712015466285,librarian
1.6146256976163207,53.07299598501036,veterinarian
1.861126284196533,61.60248458741091,librarian
1.8600182682730373,81.18791471193236,farmer
1.8205738164426486,64.64298257855495,pharmacist
1.8469742222335501,53.49853200617751,receptionist
1.771362221673798,109.05547648362767,scientist
1.6258995294534764,118.6834770414881,driver
1.6728479967519596,105.52000117977175,pilot
1.590798858400713,109.76494451932669,policeman
1.9542252806668141,66.93839912219318,librarian
1.7916958973830601,117.24388828592399,doctor
1.70042570838182,63.78479931173999,teacher
1.7310029018220663,116.60008672532825,architect
1.9736416698059076,119.63735057761657,veterinarian
1.5766757015580402,99.8205964022234,dentist
1.7931149160083986,118.68006122542754,mechanic
1.752944339442233,89.86778456969725,engineer
1.805727117717324,68.16792482232633,waiter
1.5090550919104202,80.58971199659346,pilot
1.9360619544720756,91.54926547651502,chef
1.9660591412418063,55.11570934189105,mechanic
1.7825665917946045,93.56402852320723,pharmacist
1.848325411938446,118.68244857336062,mechanic
1.9612496905886478,63.307535484860935,lawyer
1.8536193171566993,105.48165814018682,accountant
1.5762695214571307,113.55291556457335,programmer
1.7881441800834066,116.05911149741546,programmer
1.803357523191428,117.2094923083813,nurse
1.712065335651193,86.50217471050303,veterinarian
1.8682221178123615,118.41155355940526,policeman
1.9671835073845074,103.01171449941072,journalist
1.9627842564533882,61.31700053658733,electrician
1.725419685702066,83.38300745275791,scientist
1.5566190229203776,100.28318227604028,electrician
1.9924205994811672,67.31382210733584,dentist
1.9194490432229672,94.84306284842211,artist
1.5623313406016335,96.66203353326335,photographer
1.9604209413086862,61.38898206659961,programmer
1.9349481810310643,89.55597187169295,electrician
1.759419028563036,104.01388376850254,scientist
1.7956377178724647,84.92269651751593,actor
1.6995013519350652,50.84721817432752,scientist
1.5273808194110157,50.63269283555045,programmer
1.6675986208229505,74.99205407790086,electrician
1.9014267242990057,114.83358479022473,scientist
1.5023160115023013,66.00737457225262,veterinarian
1.666749585845572,94.40545822101811,photographer
1.6990843467954717,65.54531094853245,musician
1.7686978014689614,72.5168992761684,farmer
1.9599278082063802,109.36294627210387,engineer
1.6731729971829807,101.02030095889629,lawyer
1.673476600948114,56.67794941192474,firefighter
1.8687506240548741,80.00914146905035,waiter
1.7261089704449035,52.04188345516852,architect
1.612302411469991,83.66231026221064,architect
1.7262197580663468,96.37038081907477,journalist
1.5704285101898998,58.29518365187061,programmer
1.5881934932531117,70.2219457236416,actor
1.7491838863697398,77.84856378515099,pharmacist
1.709462724752274,114.36717172592348,driver
1.95742295053405,119.52785107960749,doctor
1.6811969495583166,53.14379092969311,farmer
1.7902941751390218,103.27055464467745,musician
1.816132143959765,76.02068464816402,photographer
1.5065472282941668,77.4720730360636,journalist
1.8317686860083553,102.7985481342916,photographer
1.5890179834348757,114.2898502501786,pharmacist
1.9805351587347275,116.56500161517839,journalist
1.5743313638765564,90.39858102268246,farmer
1.7073120618635118,74.9984811510352,electrician
1.542674834039322,105.12843601011454,actor
1.9984371259229736,67.57009682836102,photographer
1.7510975051656212,89.48518201834625,librarian
1.797692508660022,75.10049230674112,librarian
1.5335382386942138,95.96417515955133,librarian
1.874980235199589,66.82792390254548,receptionist
1.604952796547793,63.4115062014378,doctor
1.9490271447203569,114.2767360672806,farmer
1.6025698202410035,57.126257806467585,librarian
1.5953438603318333,85.41705354144521,receptionist
1.5182748339240475,65.45969480741063,policeman
1.7360334725549995,52.72509743279672,consultant
1.7824205666313082,52.52131728039985,accountant
1.5328543197141762,62.265524047407915,plumber
1.8877638083475052,110.67392481542001,nurse
1.7266444173740139,69.77351207839186,waiter
1.76219513466379,116.5321419402707,engineer
1.720381373469114,90.71356050924355,dentist
1.700381530437663,80.56299328381363,engineer
1.779820165654109,90.60621842686183,pilot
1.5776201229653561,86.16888696583874,mechanic
1.5909640652476356,103.11433776301277,chef
1.9308928105067587,69.77472461809965,programmer
1.9730577310668163,74.71352741202116,accountant
1.6866546581398765,112.58660117732755,photographer
1.635372336571777,116.25195592052839,librarian
1.8219997716195078,112.4790759240532,journalist
1.7043670855490483,79.36135957701195,journalist
1.5126931778301724,104.62558521048172,mechanic
1.5780762986830952,83.34350133107691,librarian
1.8579861144236989,84.82778965022715,mechanic
1.8294619709550757,64.32760763400988,engineer
1.5135479962517417,91.37912122809615,librarian
1.6109860809664747,63.029512842734356,programmer
1.6155373982940358,73.20952893470357,architect
1.8359463717993643,109.85211411339546,pilot
1.509855268877182,64.49530664475986,actor
1.552054290992287,54.9810799621403,photographer
1.8999580426865947,54.83053148289714,photographer
1.5892723310271668,115.85491643521755,journalist
1.8263730539259373,85.48443065732843,firefighter
1.6190913905233633,78.65884502719129,waiter
1.5497206963796726,106.76150067055428,pilot
1.621586095499727,108.50781495373613,firefighter
1.8611334659278296,73.25337231809232,veterinarian
1.9278482340531429,98.55326402316567,driver
1.915109932283496,103.97859710963206,doctor
1.6985917648092275,95.82554808061681,chef
1.834042568285323,60.61165523600695,photographer
1.6024921477079106,111.311815846194,farmer
1.6465738651305066,87.73661869152062,photographer
1.94816790926056,69.77306984590027,musician
1.506500961755368,79.76597298063857,musician
1.542754265427234,52.629976327923515,photographer
1.6039431275730136,58.95067608556923,accountant
1.5132661019369098,103.58827253611025,programmer
1.5907177175448988,50.00081443287563,musician
1.791520780484846,79.15960799376046,electrician
1.710712275296249,86.57571267599118,photographer
1.9463358555384875,53.82440940006806,scientist
1.9087217808692205,118.1154714080633,doctor
1.670908675848938,65.82877318747704,firefighter
1.6297117167156463,71.29391037453966,veterinarian
1.6898462040836335,71.27597585785192,lawyer
1.7951474712574038,66.1291663482145,photographer
1.6340318204114381,50.103167546041796,receptionist
1.812074453924567,101.05413558615975,programmer
1.7047058260956203,117.67918498594997,actor
1.7760235904259902,65.70054382995315,electrician
1.7180632645676583,96.41330342623957,pharmacist
1.6472328797709588,101.93274288711007,farmer
1.9742266534810784,109.38977653633674,scientist
1.8818028970798804,79.58404379095263,pilot
1.5700565878832262,71.20516339483004,farmer
1.9342339879489563,72.77065938161218,artist
1.7437155991247568,99.88349331689591,lawyer
1.9472761134470458,107.17456265539452,electrician
1.8999276279736577,62.71297774296219,mechanic
1.7126067522346167,75.96587057104357,policeman
1.5112346541600588,113.1358137724405,receptionist
1.634338679692473,106.46854637863174,chef
1.7708171073304335,118.94008819337331,receptionist
1.8167391099130736,102.79737817774566,driver
1.6289438427166012,77.52366407195456,firefighter
1.569678037036412,91.34464837962464,programmer
1.9174651183996496,96.27099779731242,veterinarian
1.992201090351776,55.49190714219868,firefighter
1.762845091151343,88.11478713727055,waiter
1.5858396429241517,99.65245799308266,pilot
1.6361536632596845,61.712491280074225,mechanic
1.5091953382737333,104.64422021978899,programmer
1.9571494032802494,90.86409463598781,programmer
1.5588755414450706,116.65552499883162,plumber
1.7882582377571268,52.96956087448242,photographer
1.637027610343603,68.57282962888269,policeman
1.7770890012578966,92.10877155098768,nurse
1.8257101941759322,70.75919385441514,journalist
1.9148709018536008,100.00969148498694,firefighter
1.6032106358803015,103.13036977653516,librarian
1.5054979143292402,57.17611748465321,plumber
1.5684428150344036,85.96981249447374,librarian
1.9500093209240525,85.62233889137391,driver
1.9369450387812577,75.84965391508787,dentist
1.798706551085154,115.30474037987705,veterinarian
1.8002584302168267,107.92544239112549,waiter
1.8325183372731277,98.80465673367458,electrician
1.587685639311725,100.00286450144984,driver
1.95720597296248,82.32013006691834,chef
1.7093852624460366,114.46961647676031,musician
1.6915692641247486,98.62167990772997,veterinarian
1.7594588526414188,101.02867431590715,consultant
1.5234829833875274,110.31836326511416,chef
1.5831416843780397,69.18501125395338,chef
1.8690168082131853,106.49496327066922,programmer
1.5413993339625631,63.66684220695444,musician
1.801576054733194,74.17393665714215,architect
1.6226745548406605,73.492731798889,dentist
1.6946478070209883,118.49678278723984,pilot
1.64434686838535,109.95760566235488,engineer
1.6778363582324745,99.08189031131818,photographer
1.8595229525921226,100.89397331307731,firefighter
1.6485608578115876,89.34509560817997,engineer
1.7832023201484486,116.29634669759633,doctor
1.7380252010995498,84.73811270176532,pharmacist
1.831835582681324,76.63623969089261,farmer
1.968414869662379,61.41247358521137,electrician
1.8662860486051251,105.03439565827406,plumber
1.6074701892953784,101.4110752452914,policeman
1.5155915675306424,76.90485269668945,consultant
1.6311320221499126,51.763538977146055,pharmacist
1.7975389653501275,108.72981294026076,programmer
1.5257129067421251,50.799258841785154,engineer
1.7481831236006182,99.25898457403358,accountant
1.7984214244584447,117.91799768082399,doctor
1.6671219454084805,80.63629297037424,teacher
1.885456101872911,66.44813834971669,veterinarian
1.5532991265668858,99.34097070303672,programmer
1.5375688908679044,107.19896994109095,plumber
1.8640943781018016,88.25012212544931,librarian
1.7477456581030992,117.69246926793024,accountant
1.844201198213868,53.61681051605728,musician
1.7174136693018731,85.33569188131696,dentist
1.6232010166195534,100.2917763125785,veterinarian
1.9095511588371,110.38483298044252,mechanic
1.8997079394844896,62.547892833545305,dentist
1.8473482354272135,106.0002437234577,consultant
1.6360725686149813,88.68949530029818,farmer
1.7951153334345435,77.75875773929742,photographer
1.6804869484700133,59.22005200053655,farmer
1.5457910366633172,110.57070312362387,veterinarian
1.9586567877311214,61.00912457258008,mechanic
1.5684093154594807,71.68515014463695,journalist
1.9751186769104012,70.30318723737058,farmer
1.723002886478978,110.9989823933598,driver
1.5925664644193098,97.08920959462286,doctor
1.770950473689179,105.76769780339606,artist
1.936472917938204,67.53275291547493,farmer
1.8661124432047806,93.74118697248991,doctor
1.9032805739307248,90.0222188200624,dentist
1.8293916833553587,108.29812637517898,mechanic
1.8461382822589263,113.42609423368825,actor
1.9245978257826597,50.85097400341708,pilot
1.624834004429593,97.18139433411548,photographer
1.7447124818215702,53.62850593838103,electrician
1.6106047209098011,88.42010655541492,dentist
1.9938340039983236,70.13429103305748,veterinarian
1.9720296698433066,71.47436196654988,consultant
1.519713405684253,74.70709524166496,programmer
1.8527875862578442,93.4904714334727,chef
1.962624158707833,73.38349759681384,firefighter
1.5902876725636668,101.28893354131964,waiter
1.7839726152763147,78.31691699017088,chef
1.957744148794021,54.7847240216971,driver
1.5169729892928994,104.8631889738875,mechanic
1.84871013362342,70.00308272148942,musician
1.6486745036862753,80.29368157194838,lawyer
1.9621980976882651,97.9810718255331,artist
1.9855291225826839,73.27193100040984,artist
1.972133244556717,53.960995930270094,accountant
1.737107108328732,76.17447329089696,veterinarian
1.9310213254946567,116.11140078860124,policeman
1.9222746992675352,94.92140781089907,electrician
1.659550236621628,97.00354040670449,librarian
1.9144577370753386,94.25975075463478,pharmacist
1.5185038173577463,63.92944972716057,policeman
1.7981349392410264,79.2833704871596,consultant
1.6150044186438515,102.56578588543228,driver
1.5602834428886394,57.09610282872114,scientist
1.5384766008146045,69.44969432627985,teacher
1.8481443879390698,69.34233759260975,pilot
1.6699374818840331,80.24132493161542,driver
1.8623833857643808,118.62581186595295,programmer
1.5326781703994712,54.725178267867534,driver
1.6576451689153051,86.30906960664166,waiter
1.7697456461876686,62.55552774085473,teacher
1.8953615824194818,117.9473581786821,plumber
1.659376251466035,57.93124533092249,mechanic
1.8129456882185044,78.25207016531138,scientist
1.9429888741180936,101.65194893842244,engineer
1.8079315940911522,99.31880996192118,veterinarian
1.616479737376817,79.59100458257527,policeman
1.512200390778269,74.25669175669027,nurse
1.935049436950465,77.83286649870094,photographer
1.5106347054251936,68.49933842110475,nurse
1.9373508363420997,64.37330570947599,policeman
1.764468567013606,83.8127788291223,scientist
1.969533849256448,68.79736292473251,electrician
1.8993916178868326,70.12231654280751,scientist
1.9989670552666687,95.972924443219,dentist
1.675355907725855,117.79761321899245,consultant
1.8835941444655635,92.25460403915625,programmer
1.700965456804621,55.38856269454764,teacher
1.7399378101519545,55.29085296978469,artist
1.813752731609185,116.59962545918961,programmer
1.9368385570931694,70.81035532151336,artist
1.9920417345996475,56.44468902577328,consultant
1.8841367069322592,91.9331211005267,driver
1.708883391083667,93.65541448031863,pilot
1.710678501138535,95.39533740830817,engineer
1.8687911507944457,68.7181419500279,mechanic
1.619388572884151,51.05774789501325,architect
1.5552370565656974,117.55107586181303,driver
1.6773110788203882,67.56251319837718,accountant
1.643619495827041,97.32184016367833,firefighter
1.648154060227995,99.46409089150967,musician
1.616803875524955,92.700519195564,engineer
1.521046594818181,71.90351759495537,nurse
1.508936967366707,68.9767377634846,consultant
1.9938611948680158,91.83677978918922,artist
1.7138865668679313,110.6266943528184,programmer
1.6921633235798408,116.27136102463768,teacher
1.839823641346535,57.413406308263035,pharmacist
1.609126943932532,60.83800288184039,programmer
1.9749805919751127,116.13153811481557,actor
1.893172507207776,101.55746598343548,nurse
1.5447055011561297,111.80956773808411,artist
1.7087903878924642,64.18428438947402,librarian
1.9395591537810823,91.13101097765812,pharmacist
1.972366011145705,99.07977160922316,driver
1.7337007556249349,97.60783198128809,policeman
1.806705694605354,78.57061836066887,lawyer
1.5835169730460377,51.07764241839159,dentist
1.9955843130684883,90.80482397629842,journalist
1.6158358506917216,67.71710774257261,pharmacist
1.9713658870675628,81.51779723000232,librarian
1.8248233244961842,117.03067105586722,photographer
1.8038683974394296,77.93247223497043,lawyer
1.7563442555082542,108.78611246650988,pilot
1.6153349058588793,63.19784240244758,lawyer
1.5882640160027541,97.07223486175201,firefighter
1.6102431045350878,118.39048681072605,photographer
1.5932191310721273,57.132517061105574,consultant
1.8897922367833766,50.58239595590344,architect
1.675062629583365,80.350795484283,waiter
1.5289213382816982,56.48378381359571,farmer
1.9845513150704057,102.3869044773362,nurse
1.9418929424817128,114.01840646939912,photographer
1.9638761415976065,80.38146808961312,veterinarian
1.9974539113232177,68.10981495088086,electrician
1.5869476246097436,80.40823233046268,policeman
1.6981210094513295,100.64134724950007,actor
1.8791192378520456,50.633791310625966,photographer
1.848010309026896,91.2617792639288,plumber
1.5769479531699275,92.93041794211653,programmer
1.907916562495309,94.63817728271549,dentist
1.6122202859183303,66.9415455986614,veterinarian
1.6119088074113115,99.98369063646888,programmer
1.7684872114467067,56.39740404322435,waiter
1.7964699674208515,63.94892355267606,lawyer
1.7900431039189055,111.42290326581374,librarian
1.5457434186988774,101.71062055085964,artist
1.9387304313151903,50.962188780794165,photographer
1.632800021294353,67.38633822588602,chef
1.564757460641402,65.00845380952151,engineer
1.9443740399344887,68.95644296258808,waiter
1.9778257491148767,67.32918391959205,engineer
1.9310638086327252,54.3768407019992,electrician
1.904758037362439,82.12583616177741,musician
1.8276209903195109,101.29134323503156,journalist
1.7754286853045698,92.47122073022055,policeman
1.5434933799557051,97.10101680186558,nurse
1.7042266065353493,55.68044249753674,farmer
1.686344258506157,116.60434971237511,journalist
1.6298768918801632,108.69442836901175,receptionist
1.8617100568442924,106.35632229469638,librarian
1.7479378675393855,107.60886635292373,farmer
1.540523107953824,115.2897355692933,accountant
1.6100916009749056,88.09777762795883,scientist
1.841629381829798,64.01974125073382,accountant
1.5380654297451501,93.17485254967788,mechanic
1.9256034570243843,102.00170455675573,pharmacist
1.7475732635069872,101.65421753478178,driver
1.740293288663324,86.5014316916816,teacher
1.7962038923297587,54.792110353350466,scientist
1.9123404829625745,75.97790569010894,veterinarian
1.6739046039510965,114.45366259243501,actor
1.8390080762795318,90.91142368301982,photographer
1.7828659819978956,87.68323602789994,engineer
1.6335141350847107,68.81974600675355,photographer
1.939314993177579,75.79142439416052,architect
1.898713010803464,112.67422624072185,plumber
1.8292259173292127,96.6524133268785,farmer
1.925290864547121,105.11709187266331,chef
1.9336471004799012,81.80417961473586,teacher
1.8541814883575174,94.11730536193105,lawyer
1.918506664181836,67.38685261202453,accountant
1.8487357308346417,99.38225811984404,farmer
1.8400703858801502,79.93209335923362,plumber
1.809305689107592,80.97818603703219,veterinarian
1.8763583197788205,95.4525627203817,mechanic
1.5793025526465367,115.53964350282486,scientist
1.9404353795994642,54.48044426260346,journalist
1.935921763872616,107.73202661429053,pilot
1.5146236415172796,70.46681772885351,farmer
1.9129083752823814,81.07436181544645,pilot
1.5644349337367225,51.53393301425063,electrician
1.667559427129571,71.07322544840191,librarian
1.8717541281458039,85.18418698410913,mechanic
1.580379948024154,53.93232541432073,policeman
1.908983512059531,84.37670105682156,farmer
1.916067088978871,114.89774402008992,artist
1.753733866880418,57.37752526754637,plumber
1.5031929358584168,103.5108509652853,programmer
1.6435190665874564,78.67697373631948,programmer
1.808463459187871,95.86216001670365,lawyer
1.9905930890137118,68.21656185896606,receptionist
1.8159067635083341,61.16445837789508,artist
1.6299017905320798,61.23238299898585,dentist
1.8170028515498058,54.934436195020126,teacher
1.7699926898579277,62.99526934308701,veterinarian
1.8899226975755719,96.49535694922778,chef
1.5534903194134793,111.71834282904555,pharmacist
1.880513951251014,106.98879799138132,electrician
1.7706332893380552,97.95940169121388,photographer
1.9814960019294974,57.730230438777184,chef
1.6709360830193432,70.24312124071649,consultant
1.816310946566974,71.68648127257282,accountant
1.9660140527550087,67.49698624783349,veterinarian
1.5512548639953396,86.05039617968062,photographer
1.9686142436182257,87.48876704157708,plumber
1.8439428611504067,74.98201826197771,architect
1.533918529552586,74.76524111155052,pharmacist
1.650481783473408,107.9988918534257,musician
1.8540860443226408,105.250499382378,waiter
1.533675300734386,71.54570821765219,farmer
1.7910852300881366,113.96519107112815,accountant
1.6729415284764784,116.69705119017543,dentist
1.8104577588837385,72.87197794210286,librarian
1.5228710169062565,74.80974641551384,engineer
1.9357684030761881,85.39439073953712,musician
1.9867444845886983,115.87845687735715,chef
1.9844389276428458,111.34236031996181,consultant
1.8748259158714624,57.179757380851285,architect
1.565043120065316,77.49115202899914,farmer
1.8791315979645113,88.73598328248403,waiter
1.5122934582294008,85.2192730786078,mechanic
1.5110617757644986,63.57041475558249,firefighter
1.6618051095747706,110.11717398177083,journalist
1.744321595202333,97.3858548097786,pharmacist
1.8852037089038967,108.65358623962625,lawyer
1.8416476883032527,110.11349955446306,accountant
1.7229513531883742,102.38490975660179,receptionist
1.636813333140833,80.7447420874802,pilot
1.9985622500788556,92.73827285107973,farmer
1.7130906511179864,61.22557842838202,policeman
1.7256935121648378,97.15517922324354,mechanic
1.5818119105958346,62.54772790174965,journalist
1.8974047743749647,98.57647133571098,receptionist
1.8468411128907443,66.07187125277781,lawyer
1.6103848063943802,58.2285910105154,driver
1.5411905228079212,61.56991431000702,programmer
1.8402496510373565,50.13944946533492,doctor
1.8272556071405677,100.31177324974712,consultant
1.6366297634991047,101.26807343408655,pilot
1.9754317811252051,86.04533449392815,pharmacist
1.5755289458904502,61.29539607387686,journalist
1.716167400521301,55.84880362574828,teacher
1.9718079600837994,51.33902765061009,engineer
1.709863658463061,61.60237238756545,receptionist
1.8192629738320427,112.35988744882027,engineer
1.698797198981397,66.90757891911773,journalist
1.637107601174335,74.7989929052051,programmer
1.9919888239799142,57.37418391369332,pilot
1.7046670031575215,65.56529133237191,lawyer
1.9470496018395673,86.34571995461437,receptionist
1.614977302945543,92.54268781669568,doctor
1.6065523520125415,67.17466199163478,receptionist
1.5155670414422557,54.0412511457582,mechanic
1.8258334126879425,77.37230083891791,chef
1.6842631718618806,66.39423596484339,lawyer
1.9321791249198186,65.36877462608614,actor
1.7366049533457786,117.19039618994186,photographer
1.9840967139573609,93.14103401480068,driver
1.5927627578515606,88.98149102204671,receptionist
1.9343115839778053,79.10425724663253,musician
1.8882984263958709,80.0261033401101,artist
1.885460922322026,87.86335026866566,firefighter
1.9223916140584438,98.75008649252752,doctor
1.8805119954714995,99.15022673272806,electrician
1.8131101608157076,62.01857353938147,teacher
1.565622438841194,85.00789264536388,nurse
1.516263089745626,78.83706665238714,driver
1.9604239239078434,110.93688763885689,receptionist
1.8083251572603691,94.19932448528635,plumber
1.8982686454880882,87.27528464911873,engineer
1.740761175756275,58.07762495252422,mechanic
1.5586540944811973,92.39465225263879,nurse
1.5625928961012752,58.20427339761634,mechanic
1.8427826436144856,73.60446028960264,engineer
1.7151529474497313,59.99893753700323,policeman
1.6002623633501685,98.44515529170582,scientist
1.7457972733707185,64.43764796853068,accountant
1.532104468537567,77.43015612316182,engineer
1.7909857009571994,112.6972344333145,policeman
1.634496702217549,64.30214683792792,architect
1.898779550318594,85.54635447711453,mechanic
1.6551809794617869,79.34901628162154,consultant
1.7276100745409007,51.26868287320108,consultant
1.5058102699540503,105.4930679500969,plumber
1.5362234438972795,54.83321344202198,librarian
1.6962467782033424,83.19785146838674,pharmacist
1.7399694173585618,89.2474806457265,policeman
1.8000102740596517,93.9898519630211,photographer
1.6458312893546516,98.20421405155129,electrician
1.8474909430632713,67.72906684659006,electrician
1.9300611985946023,50.69851436609146,journalist
1.889925494446675,100.64105636484385,architect
1.5198094126741786,87.49596195433051,electrician
1.7402534736289144,108.52823922450742,scientist
1.5524650892090874,107.4971854030486,scientist
1.6210225079312637,109.03283174515182,chef
1.9933312966335732,83.95662619856782,receptionist
1.5712477714507567,73.3539877085806,scientist
1.749444076725678,105.40907418139591,electrician
1.8090778671590595,81.59058791204785,teacher
1.8512324852720519,62.840953748240416,photographer
1.7798243417434572,109.8481813693032,pilot
1.5048854237095919,111.77919137406431,scientist
1.6632306541219959,82.6416829298119,engineer
1.7588558216923558,55.29898091168512,accountant
1.5439332495724167,77.1478262941852,scientist
1.6753134656045905,106.24763616238224,programmer
1.5166015543956832,113.124181998236,driver
1.5392892485775103,64.24309197483171,dentist
1.698461638100798,54.68815284176901,pharmacist
1.56635787702153,111.41453171929871,pilot
1.783770424130779,77.25834572852128,consultant
1.8447324845686328,87.92326749872943,accountant
1.9002933495545413,117.76460684355312,policeman
1.600075122122405,54.6595309539956,plumber
1.583741291129535,95.38226052164669,programmer
1.5522839201672,55.187379580240695,doctor
1.8182151247718183,76.28282499265502,dentist
1.8532378632434505,106.26701816354128,accountant
1.515793072412821,80.3430562928944,scientist
1.9681061231218449,119.80276477320653,actor
1.5259856418257363,89.13414994626216,architect
1.7706481676505352,72.48135068451674,veterinarian
1.8545302597254583,65.40779281333272,consultant
1.9354845618730427,74.53643740003133,dentist
1.8570434660662138,76.07732916316856,electrician
1.9008640415348959,54.809957440677266,journalist
1.669725096271403,75.87019395987411,lawyer
1.907412556873256,82.49669638174575,consultant
1.5400574231923376,100.59164265671632,photographer
1.9474083280302639,95.97106393051256,consultant
1.7737961880768682,99.6135958660408,veterinarian
1.9086488849812469,50.58545773138,chef
1.72615914225915,65.23671797063753,architect
1.8217888475982624,96.31790018798995,pilot
1.7632013304680565,83.8792557725823,receptionist
1.865794760877666,50.37194329678422,journalist
1.5408149910152948,106.31462497022756,dentist
1.530176041995282,104.09667013032362,plumber
1.6235516170050732,88.38934140954939,nurse
1.5797723400565942,54.65243280433905,architect
1.935891783296101,103.65605346728093,veterinarian
1.609606993679022,90.85995114119547,pharmacist
1.9879326279095657,104.73719840105714,accountant
1.6684478958855533,102.62228946770884,consultant
1.5910589578443497,106.21014503704859,policeman
1.8948492535712396,86.26056464832374,firefighter
1.829353887750438,59.82271627354605,consultant
1.7490978582265695,96.98102313657822,firefighter
1.7776817754688157,93.43316495363794,journalist
1.859600889136132,101.9577231039361,engineer
1.6142273706656494,61.891670423551474,nurse
1.998166958028371,63.648263993020244,mechanic
1.9873965810733916,112.32866620535299,electrician
1.8251628431734686,102.49844589164496,waiter
1.5997712254645726,113.57599420902261,plumber
1.8401141212156458,103.11007248147445,musician
1.536099204489588,91.80087141932114,plumber
1.515326251102903,95.78929159195116,mechanic
1.628841444255607,112.2389546758007,waiter
1.7313114783696582,90.51647281583584,photographer
1.9341362527041903,94.26739270298711,dentist
1.8635845348831541,60.95337012025204,teacher
1.8713532605999905,83.1744854081272,firefighter
1.7127466672240377,100.14779783706692,lawyer
1.6729674962734815,68.96598888214558,dentist
1.6855193814923013,64.15779263671745,accountant
1.993824781868029,71.96787657570908,chef
1.5200545957062412,66.90504395949834,plumber
1.9335157480612244,65.04388459254771,lawyer
1.7893377042861967,79.73955900076609,veterinarian
1.7193077095947953,113.5486959718474,nurse
1.8626288302075682,85.49417527171028,nurse
1.7433344707123515,63.15442665707261,policeman
1.9367116190408302,55.38801685666118,mechanic
1.9503509320056294,98.73093015965478,farmer
1.7108604634367277,76.79591351054715,driver
1.6384138986175258,107.52816626097515,nurse
1.796175164296681,96.16575380485392,pilot
1.9561816728083454,105.73690153789579,driver
1.6053310945028332,69.0362227592914,nurse
1.8114832917817414,98.46512457227408,artist
1.8157801100462603,68.48433892856032,veterinarian
1.8665565112076405,115.7347935615204,dentist
1.56578384256363,94.5461997073362,driver
1.8579124823410442,72.71582601227395,musician
1.9545162603328206,68.86583036045909,teacher
1.589841554435121,63.36486095501505,journalist
1.6187716624619388,98.62486712256094,journalist
1.9856975470208198,65.31009290985492,journalist
1.5904884763547449,91.67122861492423,dentist
1.9271925466847897,68.52445188477502,photographer
1.7461389282240174,96.3378261355708,consultant
1.6236155372015886,107.04578099783774,chef
1.9353749506362556,104.46176702012572,receptionist
1.7226526275013327,103.25959316515471,architect
1.7574086769648452,63.140568398457646,doctor
1.6796166846998828,56.18694628891631,electrician
1.7964754257174638,98.92641799411699,lawyer
1.5817619362925113,75.78430496560459,doctor
1.6955407683258803,80.2642358482343,doctor
1.9847061611676438,52.18043649553737,doctor
1.6290667163505637,68.17035144925345,pharmacist
1.828368332270646,52.35734827121248,teacher
1.6625950321123475,111.54300408208734,teacher
1.8867365628433004,67.03776782529714,consultant
1.5654368303591748,89.01360187011056,electrician
1.9849105225392725,52.72855244627913,receptionist
1.7268947706918196,96.67931739139607,musician
1.618025231673232,72.61191420278658,receptionist
1.5367483736650063,112.8543430870366,doctor
1.5848789525437703,112.1682732253825,librarian
1.7598869742780088,72.77034328532234,artist
1.668501588215643,113.06726269833275,driver
1.9144416829413047,119.73103714491452,photographer
1.7154437618309029,107.77909648867637,teacher
1.624357136293815,109.14099434286604,librarian
1.808572493302015,67.4306115276363,chef
1.853388608442723,90.36916792004294,accountant
1.5835209539504749,54.70791397771575,mechanic
1.5838096081441588,56.64425557751688,dentist
1.5183357134667714,119.92248284233034,photographer
1.8682010075328201,72.86474745981377,electrician
1.8319022638109026,102.37287384341926,artist
1.737315437874907,106.46655371187715,pharmacist
1.9220852244845985,110.06162897050604,pharmacist
1.9028350764750266,119.83398081815096,plumber
1.792677182198376,66.90475396798075,programmer
1.9341356402566294,52.82455788017898,pharmacist
1.6029206050183842,78.78340625962102,electrician
1.555959809698864,59.105646888026286,journalist
1.6348748057584948,51.56981224134386,programmer
1.5285434280446575,75.22987789990403,plumber
1.765584764000516,104.86167757526655,nurse
1.9683028461474807,89.63264838575496,musician
1.5196717703342548,71.89445924472479,lawyer
1.5610549570050134,95.80394038449037,consultant
1.7260995141417177,66.24127262161676,artist
1.9669375087639525,51.00670122504595,plumber
1.6580780524883751,103.50473705054992,scientist
1.753617404344196,93.66201594048064,electrician
1.520786429525196,103.3611837150672,photographer
1.5741716004810444,52.72566116813659,journalist
1.9933150614794235,108.59837394814565,farmer
1.9825593482180228,93.36683400254122,accountant
1.5024699904672048,89.4376745498848,waiter
1.9759058927116195,93.72298336801721,dentist
1.8195599689077502,110.51032728078549,waiter
1.933959147260011,91.0855554591235,teacher
1.7273699278169294,90.66652659217254,engineer
1.7577980142896252,119.3475409946036,lawyer
1.7444232901284602,102.97111169479976,pharmacist
1.8334321287730522,80.96056638157947,electrician
1.5698256273781563,99.51779000230493,artist
1.514986794936339,77.2461330184252,lawyer
1.6539649707955955,66.02128237384493,pilot
1.8523403813683235,91.77963138214315,chef
1.6009267260614741,114.9727468679766,journalist
1.8367162166624587,115.03976640108239,waiter
1.9849560230536352,73.93336946738432,doctor
1.5469503578947092,86.93742263551866,teacher
1.836301059112563,64.81451289989029,architect
1.7218751096522855,119.69417766492184,plumber
1.9340711271887527,118.6782535507555,policeman
1.5885748947236928,95.46562507952132,electrician
1.8463129761130823,106.30898417742313,musician
1.919057644824055,100.05701128985899,consultant
1.9723071097370117,91.52107533276278,firefighter
1.841624014144823,53.734359789222836,waiter
1.7485873820042137,81.83350397868628,architect
1.808923620100607,97.23504115171875,driver
1.9344524922393591,97.42721297185793,receptionist
1.7853048733194148,76.11858328956686,scientist
1.5151935298484185,115.91843906606213,actor
1.9654743477534888,61.71499225657467,artist
1.8447633755157806,85.02516123508924,farmer
1.8382566928886233,98.36187835855759,pharmacist
1.6078375761988586,98.79950641242664,farmer
1.8294427351163285,95.40472697381709,chef
1.6969322028270792,69.27017494163022,policeman
1.825616488520746,60.93445980806354,pharmacist
1.5532965151539955,94.51582287786977,receptionist
1.828922652301518,91.95114812976064,chef
1.9997068628853332,62.55492072024687,pilot
1.524106019430278,99.35974018993943,doctor
1.9885870921106585,81.86203942135595,journalist
1.7034539803614352,96.7432414122207,plumber
1.9353767251686296,108.61569558391055,plumber
1.8911927420291368,61.88099000038462,pharmacist
1.7835081304933338,51.34014075977857,scientist
1.8692246046256633,104.53718104770508,lawyer
1.939257780650674,92.67881976068311,farmer
1.7020701608255164,98.97476987354852,journalist
1.6635165807816192,108.67084824920498,veterinarian
1.8337966927817924,106.19676543771504,photographer
1.9039229709706293,117.26441028501773,librarian
1.881142567388308,87.51545551964827,engineer
1.8989068244293172,84.19469428619337,accountant
1.7177916574064664,78.1321039923511,accountant
1.9089171080875107,60.75837299909432,consultant
1.5601045276853043,90.08250630174157,journalist
1.7722445489804248,69.39087670281852,musician
1.5028793302490608,114.49152585490829,policeman
1.662292914950135,90.82335629939683,accountant
1.683230767435699,91.4988126355677,consultant
1.6980863458046276,74.8447262613907,farmer
1.8477336033449312,53.639254638439525,driver
1.6942790506351728,52.22206357610921,artist
1.7243468113112654,79.63346009072383,dentist
1.6187720654371638,55.919576466806646,doctor
1.68662589581467,92.47928688780974,accountant
1.6136348136315757,111.66811039477602,mechanic
1.5365979618842218,111.80403715631056,electrician
1.801724296690689,96.13317870925627,photographer
1.8341063992775082,64.78622820310517,waiter
1.8097451730048073,110.40977819512105,plumber
1.7317470219002862,112.02654047192456,chef
1.6898928900896149,63.76575094670711,architect
1.9316668247859126,101.61982600394741,photographer
1.759540892568109,70.05636842489861,veterinarian
1.7395909388148656,106.18482186470507,scientist
1.512821032903218,119.80665299325219,architect
1.670623913813078,52.1018203730575,pharmacist
1.6900978093929284,112.81561060536524,journalist
1.6994113904484502,93.58413735190607,engineer
1.7900861846136662,118.13678334153748,pharmacist
1.7668012733634393,82.55066622684993,photographer
1.8039525463967223,109.31715513999616,farmer
1.882441630771064,54.3675848018794,veterinarian
1.9064928693580467,73.4695335054807,actor
1.8590615381132471,54.6911576425847,dentist
1.9777618479774675,118.27401934353493,engineer
1.5091162913381808,107.18817350902857,electrician
1.597888992841773,109.67831948721793,consultant
1.503781437489071,115.6575662003726,doctor
1.8237373570773014,55.95724402838498,policeman
1.9490152744749936,76.99183147593334,firefighter
1.6217411482881496,54.97244223308015,consultant
1.9635172723981533,64.755517108502,chef
1.5301336951447804,66.05560439263706,nurse
1.967218013402757,82.83750477333051,doctor
1.6758113436198172,68.79935172175499,farmer
1.5507104142246082,57.068467477243274,doctor
1.7429358795931629,61.72437623658754,receptionist
1.628388283860254,60.30928944864637,firefighter
1.6424364509809615,118.11537585386088,firefighter
1.6536449824631432,103.15047548429315,mechanic
1.9015129489163316,117.74330256886934,actor
1.7695806383376271,80.7818340555536,receptionist
1.6556538495780018,69.48579371638596,consultant
1.805166891655459,105.88052380464308,journalist
1.8580753371115968,72.83777426288027,pilot
1.6363120003667668,70.95683615937438,waiter
1.7067745507626757,66.27541945454819,mechanic
1.5609430466684737,59.077528475696475,librarian
1.5905746747673402,67.95241427117361,doctor
1.8405589269824914,74.87238239317213,teacher
1.5907191738478135,97.17959457020113,artist
1.76258169183353,54.37953895536161,musician
1.8545231308612165,64.73548577657401,plumber
1.553438461547372,106.63165482041734,veterinarian
1.7836561098144519,60.284534650863954,receptionist
1.628281391850682,73.9851602565765,photographer
1.9814634376187898,110.52612453006981,lawyer
1.7417728233599623,60.844771780040986,actor
1.902996274887579,55.79157849327329,firefighter
1.7751132710781308,83.91765965560076,lawyer
1.5217062664274095,71.16936578949755,actor
1.8165756877970112,89.43858551386978,scientist
1.9757016711033284,106.26634233384326,dentist
1.8008059100731657,59.60039417069202,architect
1.909594429713395,90.64893591879995,programmer
1.942103231674204,85.38561322729048,teacher
1.6140398859744662,60.08551502092397,architect
1.6060224199541133,93.67989398702878,architect
1.805490494425496,69.15482925025401,mechanic
1.7055142349033523,84.14840229808087,lawyer
1.91993065143336,55.759062699394335,farmer
1.9500115616990055,82.17088400495362,dentist
1.676710689651359,71.45244276299742,artist
1.618435279487241,107.5666847829748,electrician
1.8902627576219309,53.98851088981578,consultant
1.637403017774068,79.3025092442831,plumber
1.9113071592568391,82.09019968920066,nurse
1.7118691268243813,100.7504253409383,actor
1.8337749496457352,90.20013025631476,chef
1.5477676569173342,96.70486360359267,journalist
1.8119296623382866,104.39344999562293,driver
1.7258838393686147,110.35420815607321,policeman
1.793304231587737,71.97128477057294,doctor
1.5840071038724317,87.6615893754732,journalist
1.868436872472091,108.807565490744,scientist
1.9313985387716142,119.26157916755395,firefighter
1.6083699000453877,112.26635177306342,waiter
1.5478572777600808,76.00270838370638,chef
1.5118192930231682,63.66165620530553,farmer
1.8209857502216331,84.25747761846121,electrician
1.8035470180443904,101.91490162852295,chef
1.773348706357035,84.47983495273084,programmer
1.6159735480579878,83.82266043195679,doctor
1.6954529979527573,108.67612947572604,photographer
1.7972381675930866,75.29826453470304,photographer
1.7483834294295848,110.1856272368152,waiter
1.9938927601074437,78.47633606662065,programmer
1.5682198762783666,72.97631739748375,lawyer
1.8475722770237968,81.77929378397893,scientist
1.702159384052146,103.37128710724079,actor
1.7140998074628073,58.8201419504796,receptionist
1.8587988828290882,63.749345111041215,waiter
1.8462180756621849,116.60113779641644,doctor
1.9956279968510942,62.284413916695016,scientist
1.5641971447270626,89.74091225517381,teacher
1.5520548246920831,90.55201266633566,programmer
1.8621694085643705,84.27371234351713,photographer
1.7891934585032045,95.1321674003773,receptionist
1.6370803332799029,66.08787080583329,veterinarian
1.5397096844944933,88.68635874437237,nurse
1.5428291247982153,76.05212786728279,consultant
1.947095437332059,96.31670817404324,dentist
1.5959336623593714,59.885648036120465,photographer
1.6616857810577603,89.96141917876334,waiter
1.613328201113494,62.96892487683266,doctor
1.6774981529159687,69.50501441805255,mechanic
1.5347119213730467,65.30968602265082,photographer
1.7595298954541352,62.7986445908172,chef
1.5338062817961076,107.79976660924669,photographer
1.900178253911181,69.99952973626233,mechanic
1.6168560409552164,114.89866473051146,architect
1.7700059573022553,117.89485677416336,consultant
1.9400395437807292,89.98823289559681,waiter
1.825438684523597,60.01007858660085,engineer
1.7664788932756676,76.21837703657069,scientist
1.6621668765576878,105.84125843437498,engineer
1.666500956529099,75.71735100879494,photographer
1.834743477599095,56.091205281195215,consultant
1.9970696806105837,88.97494376497315,dentist
1.8309195949246893,109.15845960472242,doctor
1.7788917086850125,105.71484710004518,driver
1.865325255119623,62.258619809124724,driver
1.732602806141859,97.09352300887267,photographer
1.5300711713003925,65.4352984404953,lawyer
1.781148407938955,65.27452741865206,engineer
1.9788126422526902,111.18502413136295,waiter
1.5876514711788299,67.47682669181611,electrician
1.8450024454103329,68.42731425626079,musician
1.6004668443295282,50.04573735329097,lawyer
1.7679138422365406,110.94683238878623,driver
1.5483382248233597,105.48163692463943,doctor
1.7251854681290926,93.91302545634747,consultant
1.878081664447623,102.51860347571895,architect
1.6737857621194911,60.643399719714424,policeman
1.832455862243609,82.08265162113028,chef
1.8977249803948646,74.58535711441466,lawyer
1.9635889097397263,56.564356837991156,artist
1.6173210409277268,84.02913396504468,lawyer
1.699657957904654,114.45177552398448,waiter
1.5762080066652087,52.804138333548615,dentist
1.9962417510791877,70.40226394456558,accountant
1.9635004839621477,64.52786553439924,teacher
1.7699785651402797,66.67026575659874,firefighter
1.9210166471882106,113.59041863155628,accountant
1.760478988636021,82.76483379640031,librarian
1.81179284400138,82.64095890578731,plumber
1.5445622160580084,103.24029497186976,doctor
1.877635210248404,60.814454280344805,artist
1.5638567418176175,84.10857478700356,farmer
1.9130338151262642,80.09896498847418,scientist
1.891014043835193,91.78374833826592,artist
1.8543723488714883,119.9690392275307,farmer
1.518080190262381,103.8614225857433,actor
1.6515641779726642,77.8505992112199,pharmacist
1.6315562849554215,107.92871365918329,mechanic
1.6800682037357595,61.949585431873615,driver
1.5438213733819193,52.13245804162721,scientist
1.9684789115155314,64.31138607249912,accountant
1.7769011203561882,73.82880892799818,receptionist
1.6527621553290117,85.7406530221692,librarian
1.6984907585371416,93.05903983788399,plumber
1.7236012702524177,113.74240020500952,architect
1.8002971666803087,85.68978066853204,receptionist
1.7578397138482489,85.08929512380107,electrician
1.9596959866072088,53.517010687608746,waiter
1.748481741452915,52.443808685935664,dentist
1.9960790074116563,88.58119733414605,teacher
1.925712478872548,80.67250292738412,electrician
1.604255257178668,108.7426276486209,lawyer
1.9652976073219581,61.247570929829166,programmer
1.558183198942738,51.748016348193474,scientist
1.908724854245596,81.43271375510881,veterinarian
1.69031164673829,66.62349897265803,photographer
1.9389871602225348,53.47300613371862,librarian
1.9340283450537252,100.72188007933403,journalist
1.9029627000588105,57.81150999700732,waiter
1.8950152181535307,92.58236500054402,doctor
1.6523395695490204,69.67348251168224,musician
1.5404596415256262,62.14472352485154,artist
1.7014900893825806,76.58260660435222,veterinarian
1.5867622574932543,106.10120433560675,nurse
1.847475544451231,77.44655038332009,mechanic
1.6730498632688928,102.5538754447739,musician
1.9878051004299575,58.78404077594055,firefighter
1.820486038672666,104.09399937655553,chef
1.9112402818171805,66.5853327434654,driver
1.5662623363709243,97.4175190922211,programmer
1.9310072411363113,89.60470883886975,pharmacist
1.961378595256697,115.04013020481811,pilot
1.743530959409468,77.11257625827199,architect
1.8031264688754887,54.63156321841083,pharmacist
1.8824049004514978,51.340883988587706,doctor
1.5874193136302064,107.88009926809272,plumber
1.7512830382317213,86.73149463630025,pharmacist
1.6993315138861567,104.26708362844644,nurse
1.5731869960811244,66.40979200080602,veterinarian
1.6837672111457658,74.15586218592637,dentist
1.534086154692747,52.10727105479233,veterinarian
1.5129059534747435,117.30446272018786,librarian
1.5675831445774113,96.75075346905695,accountant
1.9815575557945868,115.32435614315143,pharmacist
1.7747647679475085,68.58474852003506,driver
1.98291108057661,92.80245278579626,teacher
1.716248939165066,97.49499778048465,plumber
1.6559080665426298,72.2284790180312,plumber
1.753070931420122,109.3676464510941,firefighter
1.7197558443164551,116.30130240301735,electrician
1.552832342130872,111.9398582387203,mechanic
1.820413157345103,101.73468831575607,accountant
1.6080190912547998,69.42252758074679,pilot
1.8097939774489147,69.71312294739423,waiter
1.8251005461990766,117.43522243122266,musician
1.576012426564324,50.71991471549844,firefighter
1.530674813555334,100.12349812695011,firefighter
1.89038079303422,99.43723137886835,electrician
1.72990021188466,93.58826786648582,photographer
1.5290818977527378,119.3076192260806,consultant
1.9974331585848835,71.83156050346076,pharmacist
1.5288902804981834,73.79803046552738,artist
1.8475176144292766,55.525758206258885,programmer
1.9918394626317069,80.99586955806163,plumber
1.619590052107963,68.27339683643936,electrician
1.571124684343598,74.0370691524351,artist
1.5606924697112143,108.42002531789393,mechanic
1.6516375737837978,115.4839159469247,policeman
1.5505229055053233,63.001315040363,nurse
1.846080670847066,76.07562520874261,programmer
1.5311458990650313,115.00413934807759,electrician
1.7547110640748949,54.32659224824558,plumber
1.9983484269264884,56.4652369677965,driver
1.9069851347530093,61.395369244436054,architect
1.8076097191155054,91.66489838888123,plumber
1.653126810393306,60.53305897041982,consultant
1.8119479181458193,117.76534670155135,teacher
1.763520731955826,81.27001690809642,electrician
1.7130416919451856,85.10625722451164,receptionist
1.5653551883700998,67.26610310637845,policeman
1.9433021076202333,82.96721767043135,pharmacist
1.7248923244106613,96.33395428459082,pharmacist
1.5973112559103826,102.582399586783,scientist
1.6838796754386447,102.77076578969391,musician
1.7070648762644636,90.45237788858618,actor
1.9137689477834372,113.30518424957,driver
1.866807190280701,107.21854931142767,programmer
1.8846524468206698,102.99336802890377,scientist
1.5055156322143235,53.89238651763225,receptionist
1.7080769990898808,50.481457355375454,scientist
1.740672075817662,64.87130940368311,librarian
1.5095961384115284,96.44665157394166,nurse
1.629906604372517,78.7838242217782,photographer
1.8801449115610676,78.16843815095183,farmer
1.5685548528644995,111.92108217607296,waiter
1.767655065726296,112.68939936922871,policeman
1.6076009360086188,113.642268483751,waiter
1.5060603873219467,71.97146535605191,veterinarian
1.6206007287997708,98.37390689174832,waiter
1.9879368774550268,69.01432268920587,waiter
1.9007685559414949,63.34268831521148,architect
1.9797883221605166,62.92427201431585,librarian
1.7439270219631813,73.94753346045158,plumber
1.5548680993387518,80.09703338458752,electrician
1.7739797444868466,108.16644197385479,firefighter
1.7271886672799805,58.392376543089846,engineer
1.922178541369808,101.4448093176426,dentist
1.5490412903921222,87.20184399325137,doctor
1.7441205685108891,70.15617398731948,artist
1.5750243323469921,84.49737091729773,farmer
1.66233796344503,70.99594488439158,plumber
1.8686785386938998,91.72573686668142,actor
1.7380090646843833,80.36907459986709,doctor
1.6879441425728847,61.50838703552151,actor
1.6972381392850178,58.16081521889877,plumber
1.7297233842029933,88.26869774504911,pharmacist
1.8925082719185284,113.16891233002724,engineer
1.9460423444701171,74.07703805903799,musician
1.977667343251964,101.31000750558363,plumber
1.8934516931276475,96.10629484578368,photographer
1.6577034478740065,115.20884400166366,waiter
1.844067353043271,107.46867121093986,engineer
1.718801562027696,89.66236812338241,pilot
1.6273353110230255,95.99213487638751,policeman
1.9204357897129614,112.88705266088243,teacher
1.5192131744811626,77.96631492108543,firefighter
1.9508809960677118,72.87562941004441,journalist
1.730738732312367,50.75677585446375,lawyer
1.8186007384041403,107.85857519340249,architect
1.8296769611028914,106.06864902823554,architect
1.9475588703532682,57.3118162670106,teacher
1.8183348410836038,90.38001667928901,mechanic
1.806966792380031,82.47871887168212,pharmacist
1.533326020280345,58.3096366856378,consultant
1.759204010972602,118.63977589425065,journalist
1.5750845004085208,65.02871212243488,accountant
1.868716884360743,54.70639260633928,doctor
1.7561109604063372,91.63931656513367,plumber
1.8401138896041767,101.72066739931228,veterinarian
1.5208364503011922,52.27104122330309,artist
1.5423960080229016,96.11023471089155,journalist
1.8581616940313412,87.26043131660181,mechanic
1.5360421679993368,57.22855062125339,mechanic
1.5356283638826294,62.076671386245344,waiter
1.5060542376174437,89.75820081212564,pilot
1.97825069914974,70.74503294593019,consultant
1.8687541797295035,115.68210100559213,lawyer
1.6766257042510322,107.31181606388355,librarian
1.6482677906438277,118.84970445595641,chef
1.6748516148729249,68.17695872652898,mechanic
1.887326765590591,117.88065429585839,policeman
1.8306853055352073,80.18637088540905,mechanic
1.592597783933734,74.32631567196282,lawyer
1.5870546676670423,53.52446688785473,driver
1.5491978248566987,53.69356805017218,architect
1.8301513598506691,98.44078791626583,musician
1.882186331110868,82.05502961038195,waiter
1.632523214162502,65.8565138225274,waiter
1.5104724805154564,92.97792144276629,architect
1.5410858337382136,67.70006827750778,lawyer
1.9839300174225152,90.43422280410958,doctor
1.64772238873871,75.14461228878832,waiter
1.8846115739190668,107.64865586282733,veterinarian
1.8123317844271318,107.44873125367455,programmer
1.690969819826448,83.41452786856809,policeman
1.6028436310977776,74.5573376534511,engineer
1.5606932090797032,75.37918575913662,policeman
1.8075064840194333,106.40001679677525,teacher
1.887316890318894,72.97256379583284,consultant
1.8219521267705654,64.63415615947922,waiter
1.765151066624579,55.92818393127148,musician
1.5209756117158182,82.66851846190859,dentist
1.984244388797192,83.74924692438893,architect
1.8993570958272872,108.8636097282035,actor
1.6464110183504823,65.48670875122448,accountant
1.9899851646794253,76.66938915678799,plumber
1.800940794818161,106.58840172255836,actor
1.7912113291036231,107.65365275242814,waiter
1.8740365897147662,76.92277531851377,actor
1.9058848940450688,82.13868163006767,doctor
1.8282393036657514,71.2300123594498,programmer
1.5640478731831,115.27884148935185,architect
1.6691337529972492,58.30506360191062,pharmacist
1.964041820163025,115.3624596101029,accountant
1.612307805921926,97.87065162847404,dentist
1.6860835119187567,87.21005068807119,actor
1.716038441472098,52.286134254914714,waiter
1.7197024948472261,83.29173342754058,firefighter
1.8064697912472627,78.54236735019126,librarian
1.9715379188723539,61.28531683825858,mechanic
1.6203463559162525,95.94867224504598,teacher
1.560750688150459,117.98056351578,pilot
1.5987352449299688,89.35321677451677,dentist
1.9434624501046347,100.0327293510762,artist
1.8229054063276031,54.79153167962117,driver
1.64295339461958,79.23668970718964,photographer
1.9079734694843087,58.14509396151471,scientist
1.930684998181718,92.89570848755574,programmer
1.923257169345139,115.69375107499083,photographer
1.9594632668197773,96.3244412730147,plumber
1.6261205100866807,55.37621338200951,accountant
1.8775209643731392,74.82663434895579,mechanic
1.73026974863707,88.5464365608596,librarian
1.9209992764450308,78.22454292932765,dentist
1.8642453385808067,108.35508073326207,policeman
1.8882237232498622,107.02697032969925,policeman
1.8280809188405358,92.8281714072255,receptionist
1.5887143847348535,76.14205615928937,architect
1.772513459448469,67.8735461634271,engineer
1.992334869762254,57.41120227491905,photographer
1.9686940332485594,74.84283784405878,actor
1.5215868678985058,78.92207620454036,pilot
1.5824074078647186,97.30760475728516,dentist
1.565864386727281,96.07118770083014,teacher
1.8629899549926479,54.90756977488799,architect
1.9088926649284725,77.66815208018104,mechanic
1.606755683155336,62.72452070521533,farmer
1.7529263464759146,60.9768893721764,dentist
1.9203515140056,107.91115048160722,actor
1.8664007723831253,52.93406517013803,consultant
1.7711186027459243,79.3428013131485,architect
1.7951738452293864,61.774255903656275,chef
1.75418027345814,111.55311509749319,programmer
1.6487742256594102,88.99283592925246,teacher
1.782510996429508,66.19664454637936,journalist
1.8444426510250453,85.16991010164635,electrician
1.9366614579304038,101.2040451792181,actor
1.818145676989624,117.06826062436036,policeman
1.880560768521579,65.43122029717932,receptionist
1.5800358174772864,112.03272404905417,journalist
1.7307787372098948,115.40128799172432,accountant
1.5046658099135466,114.14943811724464,firefighter
1.6233394322608115,94.47900498033368,farmer
1.8632308575565024,94.08744581042953,pilot
1.9959049756746818,78.2247443228676,lawyer
1.549589049793608,102.66785176126515,mechanic
1.7007471579306441,87.19058128456524,farmer
1.9000354843495797,97.42066498598061,chef
1.6020178173144495,79.99205326941568,policeman
1.7775424746511432,101.20475248301973,receptionist
1.8665356480148374,107.71300623231843,firefighter
1.8079927251300896,60.25053796219713,musician
1.594012367307708,108.30508009019596,nurse
1.6776922843428697,87.8207572253215,mechanic
1.8918958922426987,109.12661363631571,lawyer
1.7771132570660084,80.19111944387103,receptionist
1.5026148067714564,76.53283397681246,nurse
1.880495380014047,114.05425127620558,musician
1.5176556774701195,67.5818487283881,scientist
1.8728668913656161,109.09486277003002,engineer
1.6012402800826186,83.88144007565829,waiter
1.9790367400596902,85.98668097858818,nurse
1.6839703756510422,71.59277970426388,photographer
1.6634658081690397,90.1129540433311,firefighter
1.5744440251662224,72.76478373933479,nurse
1.6528021077451074,52.748858996915665,driver
1.9383253809141003,69.03990237410493,scientist
1.9981671688136236,50.44653303846135,engineer
1.6841547652534241,118.48483509397997,consultant
1.7243053154772712,117.60230468738233,chef
1.8610354691013686,77.66087082306134,plumber
1.9430978902325373,100.98595980377522,waiter
1.796522167093392,74.20642688872975,firefighter
1.6957628490889147,96.97652099601832,pilot
1.7063109204243119,106.38010301321853,firefighter
1.8478090732484034,116.27293712845685,veterinarian
1.5016091318021394,78.01485930947703,musician
1.8097946687299205,104.83085880692335,chef
1.6777465052206786,68.61499154424831,pilot
1.8970986656385422,119.32326126555539,artist
1.546495319911566,51.80387191350458,pharmacist
1.7941011334741952,92.24701645507847,consultant
1.740486444943062,96.16541871559289,engineer
1.8211627629526137,98.16318899518902,photographer
1.5324267972414842,58.42713051523623,architect
1.7899918937140655,115.69708484311913,photographer
1.780742293979762,62.682829533505796,architect
1.7803300472080854,93.59273822678887,artist
1.8017438332982274,65.58732553861594,actor
1.838233968613181,71.50514919148895,chef
1.902494499840385,88.25209792096871,actor
1.634910360064107,79.20353929952036,photographer
1.9125247050900311,61.21579206835544,architect
1.7491278411317268,61.96554816945938,dentist
1.5385291395671656,79.27013517139598,driver
1.5292754646219895,103.00980847928506,artist
1.6671191593480303,112.8575252793452,waiter
1.8924484885557338,55.8889363581568,plumber
1.8538404673704578,77.51727352915808,plumber
1.8943074823362032,57.017189460601365,engineer
1.7586345282208047,51.161473644281855,accountant
1.7200994989777452,96.32030778507696,farmer
1.573726263353142,92.17146093766115,doctor
1.6640963768046557,61.41133796704203,actor
1.7170096830869377,66.3668983165145,lawyer
1.5443002148398086,51.659542755116284,teacher
1.6103059763556056,108.44630439860826,artist
1.7991126470318695,118.2283417233986,programmer
1.867831557119595,59.48216757562835,dentist
1.9991737556964748,66.20326496357086,artist
1.9665566656717788,110.78866667628537,firefighter
1.8212825997675957,114.85246585693294,journalist
1.710624026647036,79.37391679647672,veterinarian
1.8180886823541162,53.543573058835186,teacher
1.892825809040116,52.75742835849736,electrician
1.5591680954616938,90.17649062483073,nurse
1.7049524448481441,77.50265762252253,farmer
1.9199011428178085,52.005669930435815,dentist
1.691916475966522,90.82766746187897,actor
1.7859361356135932,50.79117756123157,plumber
1.793884680431099,105.11603707044911,artist
1.5922381265668197,71.45029758923602,dentist
1.681117720826144,52.818060210646244,chef
1.667255644370966,91.18465546882072,pilot
1.5130983542660323,77.83790901031384,consultant
1.5120958819456776,118.16602893500047,farmer
1.9158485218378867,88.09390637525915,musician
1.6365354049864063,69.26674267259058,veterinarian
1.7590393831194078,99.66072052437823,actor
1.6493627867943865,69.00444017798979,driver
1.9703396225576704,113.29703039852956,dentist
1.6296483794328869,76.23053793551635,pilot
1.7148284063694677,88.49079939433437,waiter
1.9363651252423009,53.54011726769602,musician
1.9209667833959043,79.82848665665615,librarian
1.5930507089231387,108.26544777626964,firefighter
1.9013216548978553,106.39541637543394,teacher
1.7290934433689462,65.70229911974684,artist
1.7414844360426776,65.82553497073938,firefighter
1.5667399862079718,107.21137185492657,policeman
1.5403007568785623,115.12788941185279,mechanic
1.8639696534868826,56.67526448911025,pilot
1.74823057617765,81.50410475983577,teacher
1.7184253513075898,73.62179952749602,consultant
1.8647541143261983,110.94819188202075,artist
1.8827564494955549,55.84674402760132,actor
1.5794540838346767,64.77881597906261,consultant
1.8051125747388206,102.67278363105461,architect
1.5676770411388428,53.59056942868509,mechanic
1.8756875430145228,84.47747665000026,journalist
1.8284775781335698,80.9474924275804,electrician
1.978307310541729,73.40808252921241,firefighter
1.5344790081782107,77.62006207232466,journalist
1.528527360575627,87.0958410851163,firefighter
1.6410935373466,61.29571508718682,actor
